<?xml version="1.0" ?>
<doc>
	<path>D:\MyCourse\Courseware\MD\Face\GroupPhoto.jpeg</path>
	<outputs>
		<object>
			<item>
				<name>Person1</name>
				<bndbox>
					<xmin>832</xmin>
					<ymin>985</ymin>
					<xmax>1200</xmax>
					<ymax>1441</ymax>
				</bndbox>
			</item>
			<item>
				<name>Person2</name>
				<bndbox>
					<xmin>1240</xmin>
					<ymin>1137</ymin>
					<xmax>1648</xmax>
					<ymax>1665</ymax>
				</bndbox>
			</item>
			<item>
				<name>Person3</name>
				<bndbox>
					<xmin>1848</xmin>
					<ymin>1377</ymin>
					<xmax>2256</xmax>
					<ymax>1897</ymax>
				</bndbox>
			</item>
			<item>
				<name>Person4</name>
				<bndbox>
					<xmin>2336</xmin>
					<ymin>1121</ymin>
					<xmax>2752</xmax>
					<ymax>1617</ymax>
				</bndbox>
			</item>
			<item>
				<name>Person5</name>
				<bndbox>
					<xmin>2744</xmin>
					<ymin>977</ymin>
					<xmax>3064</xmax>
					<ymax>1385</ymax>
				</bndbox>
			</item>
			<item>
				<name>Person6</name>
				<bndbox>
					<xmin>2792</xmin>
					<ymin>1497</ymin>
					<xmax>3144</xmax>
					<ymax>1985</ymax>
				</bndbox>
			</item>
			<item>
				<name>Person7</name>
				<bndbox>
					<xmin>3176</xmin>
					<ymin>793</ymin>
					<xmax>3568</xmax>
					<ymax>1281</ymax>
				</bndbox>
			</item>
			<item>
				<name>Person8</name>
				<bndbox>
					<xmin>3536</xmin>
					<ymin>1369</ymin>
					<xmax>3896</xmax>
					<ymax>1857</ymax>
				</bndbox>
			</item>
			<item>
				<name>Person9</name>
				<bndbox>
					<xmin>3904</xmin>
					<ymin>1097</ymin>
					<xmax>4224</xmax>
					<ymax>1529</ymax>
				</bndbox>
			</item>
			<item>
				<name>Person10</name>
				<bndbox>
					<xmin>4200</xmin>
					<ymin>1281</ymin>
					<xmax>4584</xmax>
					<ymax>1785</ymax>
				</bndbox>
			</item>
		</object>
	</outputs>
	<time_labeled>1657531606378</time_labeled>
	<labeled>true</labeled>
	<size>
		<width>5760</width>
		<height>3840</height>
		<depth>3</depth>
	</size>
</doc>