{"path":"D:\\MyCourse\\Courseware\\MD\\Face\\GroupPhoto.jpeg","outputs":{"object":[{"name":"Person1","bndbox":{"xmin":832,"ymin":985,"xmax":1200,"ymax":1441}},{"name":"Person2","bndbox":{"xmin":1240,"ymin":1137,"xmax":1648,"ymax":1665}},{"name":"Person3","bndbox":{"xmin":1848,"ymin":1377,"xmax":2256,"ymax":1897}},{"name":"Person4","bndbox":{"xmin":2336,"ymin":1121,"xmax":2752,"ymax":1617}},{"name":"Person5","bndbox":{"xmin":2744,"ymin":977,"xmax":3064,"ymax":1385}},{"name":"Person6","bndbox":{"xmin":2792,"ymin":1497,"xmax":3144,"ymax":1985}},{"name":"Person7","bndbox":{"xmin":3176,"ymin":793,"xmax":3568,"ymax":1281}},{"name":"Person8","bndbox":{"xmin":3536,"ymin":1369,"xmax":3896,"ymax":1857}},{"name":"Person9","bndbox":{"xmin":3904,"ymin":1097,"xmax":4224,"ymax":1529}},{"name":"Person10","bndbox":{"xmin":4200,"ymin":1281,"xmax":4584,"ymax":1785}}]},"time_labeled":1657531606378,"labeled":true,"size":{"width":5760,"height":3840,"depth":3}}